id,first_name,last_name,email,gender,ip_address
1,Ashlie,O'Crotty,aocrotty0@newsvine.com,Female,207.245.206.252
2,Hobie,Ditty,hditty1@naver.com,Male,147.14.71.60
3,Lorrin,Kirby,lkirby2@mapy.cz,Female,50.160.145.142
4,Ernestine,Whittaker,ewhittaker3@webs.com,Female,116.72.132.138
5,Renault,Harnott,rharnott4@wordpress.org,Male,99.242.246.101
6,Theresina,Breache,tbreache5@reference.com,Female,163.28.136.95
7,Elroy,Bielefeld,ebielefeld6@miibeian.gov.cn,Male,63.133.140.110
8,Karney,Perotti,kperotti7@smh.com.au,Male,22.107.18.105
9,Rhea,Rivett,rrivett8@dailymail.co.uk,Female,79.56.166.139
10,Kaycee,McIlhatton,kmcilhatton9@tripod.com,Female,122.178.18.216
11,Ola,Fattorini,ofattorinia@studiopress.com,Female,72.127.129.98
12,Horace,Hutchings,hhutchingsb@columbia.edu,Male,99.79.170.6
13,Pet,Simpole,psimpolec@wix.com,Female,14.187.61.42
14,Maren,Anthon,manthond@yahoo.co.jp,Female,254.46.122.156
15,Juliann,Croad,jcroade@youtube.com,Female,104.105.111.248
16,Leonie,Dampney,ldampneyf@wikia.com,Female,31.111.146.14
17,Rinaldo,Goodlud,rgoodludg@rakuten.co.jp,Male,191.147.77.86
18,Darsey,Hugnet,dhugneth@altervista.org,Female,180.9.83.208
19,Raul,Paireman,rpairemani@google.com,Male,112.164.159.52
20,Joyan,Hairsnape,jhairsnapej@sfgate.com,Female,18.184.206.163
21,Teriann,Skacel,tskacelk@stanford.edu,Female,216.214.28.128
22,Carolee,Trousdale,ctrousdalel@hubpages.com,Female,246.134.9.25
23,Tobiah,Arminger,tarmingerm@youtube.com,Male,75.204.119.44
24,Analiese,Stedall,astedalln@blogger.com,Female,230.72.183.124
25,Nealson,Ewdale,newdaleo@163.com,Male,41.67.6.89
26,Dido,Faichney,dfaichneyp@bigcartel.com,Female,202.182.249.136
27,Alida,Brick,abrickq@ca.gov,Female,121.247.194.239
28,Arne,Breewood,abreewoodr@printfriendly.com,Male,203.227.104.79
29,Federico,Schwandner,fschwandners@google.com.au,Male,152.15.250.166
30,Glenna,Upjohn,gupjohnt@oracle.com,Female,203.107.183.70
31,Lyman,Restieaux,lrestieauxu@symantec.com,Male,20.53.202.176
32,Cathrin,Counter,ccounterv@posterous.com,Female,3.65.187.165
33,Reese,Matonin,rmatoninw@unicef.org,Male,46.237.94.238
34,Eleen,Tybalt,etybaltx@walmart.com,Female,60.176.243.100
35,Jephthah,Holton,jholtony@tripod.com,Male,182.97.47.30
36,Larine,Jordanson,ljordansonz@hostgator.com,Female,132.36.135.27
37,Barny,Hargrove,bhargrove10@quantcast.com,Male,202.20.109.90
38,Erastus,Benion,ebenion11@yellowpages.com,Male,194.91.73.200
39,Dorry,Ferro,dferro12@addthis.com,Female,159.162.150.175
40,Trent,Smiley,tsmiley13@discuz.net,Male,30.160.94.21
41,Bartholomew,Hanscomb,bhanscomb14@blogger.com,Male,41.92.168.72
42,Hyatt,Greguol,hgreguol15@howstuffworks.com,Male,16.206.130.166
43,Rog,McIlheran,rmcilheran16@deviantart.com,Male,43.67.75.179
44,Bronson,Beneyto,bbeneyto17@nifty.com,Male,164.246.217.140
45,Harwell,Loomes,hloomes18@weibo.com,Male,106.235.134.245
46,Farrand,Jarvis,fjarvis19@sciencedaily.com,Female,81.182.252.26
47,Nikita,Rance,nrance1a@nhs.uk,Male,234.53.202.128
48,Avril,La Croce,alacroce1b@kickstarter.com,Female,32.206.147.60
49,Monika,Balsillie,mbalsillie1c@e-recht24.de,Female,255.169.201.64
50,Aldous,Goldring,agoldring1d@shop-pro.jp,Male,145.209.109.141
51,Clifford,Rundle,crundle1e@aol.com,Male,242.145.228.91
52,Rowney,Elam,relam1f@vimeo.com,Male,86.115.221.51
53,Karry,Szimoni,kszimoni1g@slashdot.org,Female,211.156.121.194
54,Clark,Ummfrey,cummfrey1h@blogspot.com,Male,28.173.83.253
55,Sigismundo,Spoor,sspoor1i@feedburner.com,Male,129.147.55.55
56,Moria,Kevlin,mkevlin1j@networkadvertising.org,Female,11.237.97.2
57,Dalenna,Darnbrough,ddarnbrough1k@godaddy.com,Female,201.68.204.66
58,Basilius,Goullee,bgoullee1l@posterous.com,Male,114.219.60.149
59,Prisca,Baudone,pbaudone1m@friendfeed.com,Female,36.211.28.97
60,Mose,Ruslen,mruslen1n@devhub.com,Male,140.2.253.188
61,Freeland,Olekhov,folekhov1o@patch.com,Male,126.73.0.4
62,Anissa,Lewry,alewry1p@ustream.tv,Female,131.235.197.170
63,Jamil,Dorman,jdorman1q@cafepress.com,Male,51.64.157.65
64,Gardy,Philippou,gphilippou1r@comcast.net,Male,202.65.88.98
65,Bonnie,Botterill,bbotterill1s@twitter.com,Female,29.160.135.202
66,Tobe,Bellany,tbellany1t@odnoklassniki.ru,Male,201.207.227.240
67,Corabelle,Jaine,cjaine1u@baidu.com,Female,252.24.59.221
68,Corabella,Mollnar,cmollnar1v@about.me,Female,133.90.174.117
69,Audry,Hartell,ahartell1w@ed.gov,Female,123.17.42.151
70,Edithe,Jaskowicz,ejaskowicz1x@canalblog.com,Female,87.210.188.123
71,Binky,Haill,bhaill1y@naver.com,Male,158.43.11.247
72,Alf,Beatey,abeatey1z@hexun.com,Male,163.119.206.174
73,Saunderson,Kleinbaum,skleinbaum20@tumblr.com,Male,181.60.160.46
74,Agretha,Sivess,asivess21@tinyurl.com,Female,70.190.191.125
75,Dagny,Ackerman,dackerman22@blogspot.com,Male,2.132.15.0
76,Gerri,Dutnall,gdutnall23@businesswire.com,Male,17.33.196.144
77,Nissy,McCleverty,nmccleverty24@cdbaby.com,Female,157.55.189.210
78,Lacee,Itscovitz,litscovitz25@mit.edu,Female,13.168.236.175
79,Ivett,Petyt,ipetyt26@cnbc.com,Female,104.200.55.176
80,Zed,Merrikin,zmerrikin27@umich.edu,Male,74.200.93.51
81,Hercules,Loy,hloy28@facebook.com,Male,40.48.45.81
82,Briggs,Andrysiak,bandrysiak29@surveymonkey.com,Male,193.35.238.148
83,Sonia,Boughey,sboughey2a@prweb.com,Female,75.165.127.252
84,Theresina,Simchenko,tsimchenko2b@storify.com,Female,63.251.70.102
85,Cozmo,Pettett,cpettett2c@1und1.de,Male,251.160.84.11
86,Mandie,Vanne,mvanne2d@salon.com,Female,232.127.52.67
87,Clayson,Collet,ccollet2e@google.co.uk,Male,48.148.246.1
88,Austin,Baldick,abaldick2f@yellowpages.com,Female,144.50.163.127
89,Cathlene,Hanssmann,chanssmann2g@pagesperso-orange.fr,Female,147.1.80.43
90,Jo,Tenby,jtenby2h@jigsy.com,Female,110.63.138.247
91,Phaidra,Scrigmour,pscrigmour2i@prlog.org,Female,43.185.100.206
92,Christiana,Offin,coffin2j@senate.gov,Female,190.14.254.94
93,Arabelle,Daltry,adaltry2k@behance.net,Female,185.117.11.4
94,Orrin,Birckmann,obirckmann2l@jigsy.com,Male,163.90.32.106
95,Ilene,Dray,idray2m@discuz.net,Female,40.233.196.176
96,Boonie,Pigram,bpigram2n@people.com.cn,Male,15.170.63.192
97,Tucky,Parlour,tparlour2o@hibu.com,Male,212.8.161.61
98,Theo,Oury,toury2p@is.gd,Female,112.105.84.66
99,Barth,Rigney,brigney2q@indiegogo.com,Male,38.164.254.12
100,Lusa,Ismead,lismead2r@washingtonpost.com,Female,170.104.243.131
101,Danyette,Lamberton,dlamberton2s@sitemeter.com,Female,111.207.144.19
102,Tracey,Kirman,tkirman2t@nature.com,Male,54.66.46.205
103,Morten,Batisse,mbatisse2u@bbc.co.uk,Male,114.34.6.224
104,Bobbie,Gabbat,bgabbat2v@alexa.com,Male,197.189.92.165
105,Zacharias,Gutowska,zgutowska2w@sfgate.com,Male,85.120.34.202
106,Emma,Pattini,epattini2x@printfriendly.com,Female,148.86.14.170
107,Jeri,Perfect,jperfect2y@ucsd.edu,Female,139.252.182.214
108,Dave,Keune,dkeune2z@yellowbook.com,Male,201.184.171.53
109,Eleanore,Finch,efinch30@accuweather.com,Female,48.191.103.97
110,Myrta,Scholl,mscholl31@quantcast.com,Female,16.91.37.231
111,Beaufort,Abate,babate32@godaddy.com,Male,76.33.141.188
112,Darrin,Trill,dtrill33@princeton.edu,Male,76.153.54.123
113,Denys,Thorbon,dthorbon34@shareasale.com,Male,194.45.202.24
114,Eloise,Lutty,elutty35@google.ca,Female,238.34.175.74
115,Willie,Lampkin,wlampkin36@ebay.com,Female,133.154.80.59
116,Irma,Tawton,itawton37@state.tx.us,Female,215.208.170.143
117,Claresta,Joret,cjoret38@unc.edu,Female,120.68.126.231
118,Broddy,Lemanu,blemanu39@flavors.me,Male,19.224.225.231
119,Hadleigh,Truscott,htruscott3a@pagesperso-orange.fr,Male,116.74.132.110
120,Silvanus,Orrell,sorrell3b@chronoengine.com,Male,6.117.87.127
121,Bernadette,Shallcrass,bshallcrass3c@princeton.edu,Female,65.98.94.191
122,Steward,Haining,shaining3d@theatlantic.com,Male,177.228.92.55
123,Kassi,Comber,kcomber3e@nbcnews.com,Female,6.144.104.147
124,Ruby,Teulier,rteulier3f@sourceforge.net,Female,195.120.28.190
125,Alasdair,Filipowicz,afilipowicz3g@uiuc.edu,Male,137.23.230.131
126,Brandie,Frost,bfrost3h@taobao.com,Female,26.69.123.27
127,Michal,Eykel,meykel3i@unesco.org,Male,181.116.86.215
128,Thia,Sherbrooke,tsherbrooke3j@zimbio.com,Female,23.136.201.226
129,Keelby,Domange,kdomange3k@acquirethisname.com,Male,20.170.8.124
130,Arleta,Acreman,aacreman3l@skyrock.com,Female,208.133.165.127
131,Elmo,Tanzig,etanzig3m@sbwire.com,Male,1.138.18.161
132,Clarence,Pardue,cpardue3n@nih.gov,Male,217.133.5.3
133,Chucho,Nicholls,cnicholls3o@tripadvisor.com,Male,84.167.107.89
134,Pasquale,Kimber,pkimber3p@networkadvertising.org,Male,24.82.62.90
135,Amalia,Colin,acolin3q@mac.com,Female,227.133.3.136
136,Sam,Worvell,sworvell3r@weebly.com,Male,196.224.101.37
137,Jayne,McQuorkel,jmcquorkel3s@samsung.com,Female,102.111.68.236
138,Eddy,Doubleday,edoubleday3t@pcworld.com,Female,208.82.132.174
139,Shaun,Sharphouse,ssharphouse3u@senate.gov,Male,1.187.194.225
140,Kristen,Sellan,ksellan3v@oaic.gov.au,Female,196.30.101.156
141,Myriam,Stanier,mstanier3w@hexun.com,Female,105.78.46.215
142,Merilee,Soares,msoares3x@wikimedia.org,Female,177.166.191.214
143,Mattias,Standingford,mstandingford3y@scientificamerican.com,Male,246.67.137.105
144,Brendan,Mc Faul,bmcfaul3z@yahoo.co.jp,Male,11.41.138.218
145,Oswell,Ollerhad,oollerhad40@howstuffworks.com,Male,189.113.214.20
146,Anastasia,Dorking,adorking41@vimeo.com,Female,19.26.104.55
147,Leonerd,Berns,lberns42@csmonitor.com,Male,30.28.147.190
148,Lisetta,Warbey,lwarbey43@php.net,Female,153.214.57.85
149,Antoine,Ouslem,aouslem44@jimdo.com,Male,141.203.220.226
150,Avivah,Midson,amidson45@huffingtonpost.com,Female,153.56.214.171
151,Barth,McHaffy,bmchaffy46@mysql.com,Male,238.41.28.23
152,Tome,Plowell,tplowell47@studiopress.com,Male,98.21.0.30
153,Shepard,Bea,sbea48@fotki.com,Male,119.72.97.187
154,Marcille,Seydlitz,mseydlitz49@google.cn,Female,158.241.137.57
155,Jaye,MacAnellye,jmacanellye4a@dropbox.com,Male,1.95.127.209
156,Rutherford,Kitchiner,rkitchiner4b@google.co.jp,Male,53.123.249.134
157,Pandora,Sayle,psayle4c@cpanel.net,Female,24.242.247.119
158,Sigfrid,Defond,sdefond4d@lycos.com,Male,94.197.215.154
159,Polly,Brissenden,pbrissenden4e@shutterfly.com,Female,20.140.199.162
160,Jaimie,Luis,jluis4f@craigslist.org,Male,44.235.137.31
161,Shandra,Gussin,sgussin4g@huffingtonpost.com,Female,31.53.29.111
162,Adler,Killingsworth,akillingsworth4h@ibm.com,Male,55.250.252.96
163,Dahlia,Duffield,dduffield4i@vkontakte.ru,Female,136.97.228.70
164,Salomon,Espy,sespy4j@elpais.com,Male,61.28.130.249
165,Kort,Sneezum,ksneezum4k@independent.co.uk,Male,241.104.233.67
166,Cad,Whittington,cwhittington4l@ovh.net,Male,146.147.171.147
167,Giffy,Maybury,gmaybury4m@miibeian.gov.cn,Male,18.134.177.82
168,Jessalin,Humphries,jhumphries4n@photobucket.com,Female,117.78.182.0
169,Harlin,Van der Brug,hvanderbrug4o@t-online.de,Male,43.172.138.235
170,Matilda,Garment,mgarment4p@free.fr,Female,62.130.98.202
171,Stephanus,Greenroad,sgreenroad4q@pinterest.com,Male,152.45.154.218
172,Davine,Cannon,dcannon4r@businessinsider.com,Female,185.96.142.186
173,Margarete,Dunridge,mdunridge4s@tumblr.com,Female,144.192.30.0
174,Alfred,Errington,aerrington4t@adobe.com,Male,7.201.215.30
175,Kennett,Mursell,kmursell4u@nhs.uk,Male,111.84.131.147
176,Peyter,Loos,ploos4v@bloglovin.com,Male,47.134.97.241
177,Nessa,Whitefoot,nwhitefoot4w@weibo.com,Female,129.67.133.255
178,Christian,Grishinov,cgrishinov4x@umich.edu,Female,87.202.206.116
179,Adaline,Ayllett,aayllett4y@blog.com,Female,54.15.173.48
180,Dacie,Sabin,dsabin4z@webs.com,Female,167.67.27.151
181,Kelcy,Baggott,kbaggott50@java.com,Female,85.29.152.203
182,Clare,Castell,ccastell51@cnbc.com,Female,211.180.166.93
183,Lenci,Guyot,lguyot52@noaa.gov,Male,45.178.18.137
184,Burlie,McGriffin,bmcgriffin53@statcounter.com,Male,237.216.52.156
185,Serge,O' Liddy,soliddy54@tmall.com,Male,25.160.14.219
186,Bryce,Barnhart,bbarnhart55@engadget.com,Male,198.16.11.248
187,Kari,Oleksinski,koleksinski56@yelp.com,Female,97.20.205.105
188,Noelani,Dillingstone,ndillingstone57@wordpress.org,Female,28.33.13.4
189,Carine,Franzen,cfranzen58@princeton.edu,Female,169.243.139.7
190,Mikol,Harlick,mharlick59@yandex.ru,Male,83.113.131.42
191,Leelah,Kellert,lkellert5a@google.com,Female,43.15.10.254
192,Bastian,Lattos,blattos5b@loc.gov,Male,145.168.174.67
193,Alex,Reuther,areuther5c@blogtalkradio.com,Female,156.241.24.131
194,Maighdiln,Sleaford,msleaford5d@sbwire.com,Female,122.117.70.187
195,Theodor,Runciman,trunciman5e@myspace.com,Male,98.52.118.60
196,Alexio,Punter,apunter5f@nyu.edu,Male,75.61.3.27
197,Garek,Scoles,gscoles5g@phoca.cz,Male,136.25.150.33
198,Zandra,Marques,zmarques5h@nhs.uk,Female,145.151.173.218
199,Carmine,Gritsunov,cgritsunov5i@hibu.com,Female,100.187.148.180
200,Ronna,Conner,rconner5j@mtv.com,Female,207.62.208.40
201,Clarine,Severy,csevery5k@amazonaws.com,Female,117.80.43.112
202,Auguste,Portman,aportman5l@wufoo.com,Female,118.249.116.109
203,Sherill,Kivlehan,skivlehan5m@cornell.edu,Female,242.21.122.107
204,Gibb,Betteridge,gbetteridge5n@digg.com,Male,186.104.255.245
205,Adria,Vellender,avellender5o@ox.ac.uk,Female,144.216.18.102
206,Kele,Frugier,kfrugier5p@rediff.com,Male,251.163.150.254
207,Hesther,Murrish,hmurrish5q@tmall.com,Female,197.78.104.73
208,Jere,Featherstonhaugh,jfeatherstonhaugh5r@plala.or.jp,Female,28.8.100.96
209,Teri,Dod,tdod5s@ebay.com,Female,96.225.186.118
210,Ingar,Easterfield,ieasterfield5t@360.cn,Male,203.115.130.68
211,Farrah,Lerwell,flerwell5u@imageshack.us,Female,88.6.0.131
212,Urbain,Gerardot,ugerardot5v@springer.com,Male,73.75.173.185
213,Augusto,Chasier,achasier5w@uol.com.br,Male,222.36.239.203
214,Celka,Kirimaa,ckirimaa5x@google.fr,Female,19.72.188.196
215,Ivett,Linggood,ilinggood5y@princeton.edu,Female,11.47.23.239
216,Kelci,Shipway,kshipway5z@sbwire.com,Female,98.29.171.36
217,Dee,Clague,dclague60@npr.org,Female,116.121.84.50
218,Ethelbert,Farrears,efarrears61@zdnet.com,Male,234.202.111.228
219,Billye,Purchon,bpurchon62@cnn.com,Female,193.88.185.118
220,Bernelle,Venditto,bvenditto63@samsung.com,Female,179.12.125.185
221,Fletch,Mattingson,fmattingson64@mtv.com,Male,88.230.226.96
222,Staford,Strathdee,sstrathdee65@aboutads.info,Male,244.207.64.53
223,Gabby,Evill,gevill66@toplist.cz,Male,100.165.195.40
224,Marris,Fiske,mfiske67@spiegel.de,Female,14.254.164.164
225,Saundra,Blaby,sblaby68@freewebs.com,Male,183.191.243.7
226,Pooh,Parlet,pparlet69@meetup.com,Male,239.37.128.49
227,Andromache,Stouther,astouther6a@arizona.edu,Female,241.42.103.178
228,Kathe,Samart,ksamart6b@people.com.cn,Female,14.241.111.80
229,Cassandry,Radnage,cradnage6c@examiner.com,Female,254.51.125.223
230,Erminia,Caroline,ecaroline6d@theguardian.com,Female,230.37.234.101
231,Astra,Cornier,acornier6e@digg.com,Female,255.136.104.216
232,Ravid,McLarnon,rmclarnon6f@cdc.gov,Male,210.235.167.23
233,Raphael,Eustis,reustis6g@etsy.com,Male,51.148.249.77
234,Mannie,Favelle,mfavelle6h@deviantart.com,Male,120.172.164.100
235,Debbie,Chismon,dchismon6i@behance.net,Female,74.70.121.200
236,Gwenore,Arnaldo,garnaldo6j@elpais.com,Female,14.208.2.7
237,Nana,Maven,nmaven6k@ifeng.com,Female,161.124.128.35
238,Frederic,Prandin,fprandin6l@booking.com,Male,142.126.142.85
239,Hallsy,Shingler,hshingler6m@cmu.edu,Male,54.249.121.191
240,Ermanno,Stolting,estolting6n@seesaa.net,Male,236.227.92.7
241,Astra,Dyers,adyers6o@drupal.org,Female,21.50.125.236
242,Magdalene,Beck,mbeck6p@ustream.tv,Female,35.14.56.247
243,Aldon,Raoult,araoult6q@berkeley.edu,Male,247.216.199.244
244,Leanora,Camblin,lcamblin6r@comcast.net,Female,3.60.8.249
245,Pansy,Enns,penns6s@google.pl,Female,127.235.134.42
246,Natka,Bonifazio,nbonifazio6t@yellowpages.com,Female,145.137.200.86
247,Mart,Briiginshaw,mbriiginshaw6u@blogs.com,Male,78.92.111.60
248,Jeromy,Bleby,jbleby6v@cocolog-nifty.com,Male,199.13.233.99
249,Hort,Gascoyne,hgascoyne6w@rediff.com,Male,83.194.236.165
250,Aldwin,Fakeley,afakeley6x@blogs.com,Male,35.146.77.238
251,Bertina,Clemas,bclemas6y@creativecommons.org,Female,119.90.212.138
252,Rafaela,Ausiello,rausiello6z@omniture.com,Female,238.143.140.18
253,Frankie,Buckmaster,fbuckmaster70@tumblr.com,Female,223.169.163.58
254,Tybie,Gregolotti,tgregolotti71@symantec.com,Female,242.254.230.140
255,Fernanda,Deverson,fdeverson72@who.int,Female,28.253.120.199
256,Milt,Varfalameev,mvarfalameev73@desdev.cn,Male,252.207.130.225
257,Donetta,Martinez,dmartinez74@adobe.com,Female,58.87.147.5
258,Minni,Lynnitt,mlynnitt75@cnbc.com,Female,252.162.220.111
259,Filip,Grew,fgrew76@blog.com,Male,219.46.218.104
260,Abbye,Duffrie,aduffrie77@indiegogo.com,Female,43.239.225.7
261,Mill,Le Page,mlepage78@fema.gov,Male,66.21.185.24
262,Broddy,Winmill,bwinmill79@domainmarket.com,Male,45.200.246.4
263,Dianemarie,Sever,dsever7a@tumblr.com,Female,166.150.81.97
264,Zeke,Pigrome,zpigrome7b@baidu.com,Male,235.172.121.83
265,Loy,Cowderoy,lcowderoy7c@icio.us,Male,41.66.104.164
266,Hervey,Faint,hfaint7d@webmd.com,Male,246.94.198.148
267,Wilden,Gillon,wgillon7e@prnewswire.com,Male,0.180.179.176
268,Gabriel,Dolton,gdolton7f@rakuten.co.jp,Male,119.131.188.202
269,Jules,Rider,jrider7g@sun.com,Male,206.150.99.15
270,Averill,Noble,anoble7h@cargocollective.com,Male,149.126.241.28
271,Katrina,Erswell,kerswell7i@apple.com,Female,230.197.26.199
272,Stepha,Mapples,smapples7j@edublogs.org,Female,91.176.92.153
273,Rica,Stoad,rstoad7k@pinterest.com,Female,191.24.20.34
274,Kay,Scotland,kscotland7l@soundcloud.com,Female,78.171.34.197
275,Floris,Bernardy,fbernardy7m@flavors.me,Female,157.48.113.202
276,Kira,Cowhig,kcowhig7n@bloomberg.com,Female,177.14.49.188
277,Kira,Karp,kkarp7o@oakley.com,Female,57.99.235.36
278,Eveleen,Purkiss,epurkiss7p@chronoengine.com,Female,154.248.24.160
279,Latashia,Dytham,ldytham7q@ifeng.com,Female,148.164.146.174
280,Tam,Boot,tboot7r@so-net.ne.jp,Male,85.251.16.175
281,Balduin,Rhule,brhule7s@github.io,Male,56.113.129.62
282,Randie,Dory,rdory7t@tinyurl.com,Male,4.141.46.36
283,Annis,Eves,aeves7u@mashable.com,Female,86.177.147.210
284,Shayne,Scarrott,sscarrott7v@icio.us,Male,94.65.155.12
285,Kare,Kobel,kkobel7w@merriam-webster.com,Female,66.250.3.69
286,Blake,MacNeice,bmacneice7x@buzzfeed.com,Female,100.146.245.112
287,Christye,Dallinder,cdallinder7y@noaa.gov,Female,192.130.92.225
288,Nadine,Jacques,njacques7z@rambler.ru,Female,11.15.234.86
289,Noella,Halversen,nhalversen80@wikimedia.org,Female,137.229.142.68
290,Josefina,Lightwing,jlightwing81@reverbnation.com,Female,217.139.178.230
291,Aksel,Curuclis,acuruclis82@canalblog.com,Male,167.176.65.251
292,Renee,Kemell,rkemell83@csmonitor.com,Female,152.21.180.227
293,Sonja,Elliman,selliman84@shareasale.com,Female,75.32.187.188
294,Bayard,Anstee,banstee85@networksolutions.com,Male,37.45.83.100
295,Stanislaw,Rabjohn,srabjohn86@jalbum.net,Male,4.124.85.174
296,Joella,Blumer,jblumer87@gov.uk,Female,62.235.237.2
297,Dyna,Verney,dverney88@istockphoto.com,Female,208.242.183.12
298,Patrice,Roycroft,proycroft89@google.com.br,Female,80.68.44.61
299,Nola,Phlippsen,nphlippsen8a@artisteer.com,Female,192.31.130.89
300,Kattie,Cohen,kcohen8b@wisc.edu,Female,158.62.177.106
301,Maddie,Spratling,mspratling8c@google.de,Male,8.110.29.9
302,Jareb,Marcum,jmarcum8d@cnet.com,Male,216.23.214.59
303,Jacquenetta,Fernan,jfernan8e@thetimes.co.uk,Female,131.109.76.13
304,Way,Ladbrooke,wladbrooke8f@arizona.edu,Male,147.11.103.166
305,Benito,Burnside,bburnside8g@yellowpages.com,Male,79.87.86.120
306,Arlee,Ohrtmann,aohrtmann8h@dedecms.com,Female,152.90.3.222
307,Wilow,Viccars,wviccars8i@abc.net.au,Female,32.222.3.222
308,Xylia,McClary,xmcclary8j@etsy.com,Female,215.48.158.142
309,Valle,Bertelmot,vbertelmot8k@earthlink.net,Male,235.236.99.203
310,Reggy,Milverton,rmilverton8l@mac.com,Male,10.67.195.42
311,Arlyne,Haggarty,ahaggarty8m@soundcloud.com,Female,238.255.58.211
312,Betteann,Gustus,bgustus8n@cbc.ca,Female,142.90.147.213
313,Fedora,Stapylton,fstapylton8o@devhub.com,Female,94.196.23.222
314,Elvira,Dealy,edealy8p@cdc.gov,Female,196.205.240.95
315,Elnar,Packe,epacke8q@slate.com,Male,65.189.124.183
316,Shari,Enbury,senbury8r@ask.com,Female,179.125.168.78
317,Ogdan,Gai,ogai8s@soundcloud.com,Male,195.2.203.224
318,Katherina,Imloch,kimloch8t@businessinsider.com,Female,141.221.104.160
319,Tamas,Cess,tcess8u@addtoany.com,Male,188.90.4.57
320,Josy,Jewson,jjewson8v@sbwire.com,Female,182.219.100.202
321,Wallie,Worsalls,wworsalls8w@wikia.com,Female,131.6.133.213
322,Arlan,Wurst,awurst8x@howstuffworks.com,Male,195.115.251.38
323,Ardenia,Hordell,ahordell8y@mac.com,Female,84.9.176.137
324,Mattie,Harkins,mharkins8z@amazon.co.jp,Female,192.113.103.162
325,Pooh,Vallack,pvallack90@histats.com,Female,124.138.178.200
326,Antons,Chishull,achishull91@devhub.com,Male,86.3.71.159
327,Kaitlyn,Igonet,kigonet92@wikimedia.org,Female,25.74.195.234
328,Ronna,Labet,rlabet93@ebay.com,Female,191.119.0.115
329,Joshuah,Tuite,jtuite94@delicious.com,Male,238.166.195.64
330,Malia,Dyball,mdyball95@cnn.com,Female,186.229.180.31
331,Clarine,McAleese,cmcaleese96@aboutads.info,Female,147.171.183.227
332,Gardie,Becerro,gbecerro97@twitter.com,Male,41.73.224.98
333,Anastasie,Dundendale,adundendale98@microsoft.com,Female,128.147.70.219
334,Herman,Jakoubec,hjakoubec99@wisc.edu,Male,255.241.104.7
335,Armand,Dilliston,adilliston9a@joomla.org,Male,196.144.251.180
336,Eden,Thompson,ethompson9b@prlog.org,Female,170.182.31.97
337,Angil,Kasper,akasper9c@princeton.edu,Female,229.226.177.117
338,Sigismundo,Hinkley,shinkley9d@tmall.com,Male,158.115.141.180
339,Ly,Walburn,lwalburn9e@weather.com,Male,33.59.65.180
340,Selinda,Atcherley,satcherley9f@cafepress.com,Female,77.158.174.75
341,Ric,Isacsson,risacsson9g@psu.edu,Male,255.121.222.237
342,Vasily,Chinnick,vchinnick9h@sakura.ne.jp,Male,100.5.210.220
343,Orazio,Skyrme,oskyrme9i@cornell.edu,Male,238.170.65.203
344,Valle,Beltzner,vbeltzner9j@washington.edu,Male,226.38.50.106
345,Charlot,Basnett,cbasnett9k@imgur.com,Female,111.9.79.148
346,Hilary,Gomes,hgomes9l@google.com.au,Male,92.155.89.165
347,Morgana,Cawthron,mcawthron9m@fastcompany.com,Female,172.109.234.210
348,Brandise,Le Gassick,blegassick9n@mtv.com,Female,114.214.192.121
349,Otho,Selly,oselly9o@jalbum.net,Male,251.7.21.142
350,Xylia,Chapple,xchapple9p@ow.ly,Female,166.133.153.65
351,Cole,Mewett,cmewett9q@freewebs.com,Male,96.10.237.3
352,Ham,Mosey,hmosey9r@stanford.edu,Male,198.198.36.196
353,Barrett,Tremblet,btremblet9s@imageshack.us,Male,192.223.74.19
354,Merle,Tunnadine,mtunnadine9t@blogger.com,Female,19.147.154.219
355,Pierce,Bea,pbea9u@e-recht24.de,Male,153.136.42.99
356,Nellie,Evemy,nevemy9v@de.vu,Female,174.139.116.227
357,Christina,McFetridge,cmcfetridge9w@china.com.cn,Female,4.160.241.194
358,Marshall,Lister,mlister9x@themeforest.net,Male,151.130.222.54
359,Lyle,Pattini,lpattini9y@va.gov,Male,171.95.205.11
360,Susette,Balshen,sbalshen9z@stumbleupon.com,Female,77.243.153.34
361,Debera,Bunch,dbuncha0@delicious.com,Female,120.135.142.107
362,Harp,Flann,hflanna1@nasa.gov,Male,58.43.47.22
363,Melonie,Disney,mdisneya2@imdb.com,Female,10.48.131.224
364,Liana,Mosedall,lmosedalla3@cbslocal.com,Female,215.166.76.220
365,Anders,Sumshon,asumshona4@hugedomains.com,Male,38.46.175.226
366,Armando,Cregg,acregga5@blogspot.com,Male,93.197.243.100
367,Roxi,Waddell,rwaddella6@yale.edu,Female,139.115.148.36
368,Cheslie,Needs,cneedsa7@gravatar.com,Female,124.63.132.143
369,Ludvig,Overel,loverela8@istockphoto.com,Male,236.11.241.100
370,Tadd,Risson,trissona9@jimdo.com,Male,125.187.119.88
371,Stanly,MacNulty,smacnultyaa@tumblr.com,Male,141.36.222.46
372,Angil,Yakunchikov,ayakunchikovab@sbwire.com,Female,202.124.228.231
373,Thekla,Mulliner,tmullinerac@shop-pro.jp,Female,210.77.233.201
374,Edgar,Spittle,espittlead@t-online.de,Male,244.212.215.56
375,Lorraine,Vivers,lviversae@unicef.org,Female,26.74.110.43
376,Blake,Carrell,bcarrellaf@jugem.jp,Female,148.86.212.208
377,Jocelin,Pyott,jpyottag@cocolog-nifty.com,Female,91.94.224.36
378,Basil,Salkild,bsalkildah@goodreads.com,Male,239.143.167.200
379,Hershel,Christoffels,hchristoffelsai@unicef.org,Male,246.23.127.115
380,Catriona,Benwell,cbenwellaj@theguardian.com,Female,226.88.167.207
381,Frasier,Dunphie,fdunphieak@cornell.edu,Male,185.117.42.248
382,Sibilla,Gruszecki,sgruszeckial@bloglines.com,Female,115.87.228.141
383,Miran,Gun,mgunam@soundcloud.com,Female,167.89.85.5
384,Sampson,Sallnow,ssallnowan@macromedia.com,Male,97.33.194.15
385,Clifford,Cranmer,ccranmerao@earthlink.net,Male,150.51.226.219
386,Desiree,Kealy,dkealyap@amazonaws.com,Female,243.111.77.73
387,Annnora,Heaselgrave,aheaselgraveaq@rediff.com,Female,40.60.193.162
388,Merill,Sygrove,msygrovear@independent.co.uk,Male,123.104.226.49
389,Sofie,MacParland,smacparlandas@cnet.com,Female,26.201.74.113
390,Kristen,Drayton,kdraytonat@dion.ne.jp,Female,40.3.6.241
391,Dollie,Baxstare,dbaxstareau@last.fm,Female,10.214.1.182
392,Cale,Boatman,cboatmanav@mit.edu,Male,15.188.115.54
393,Stefanie,Pontain,spontainaw@mysql.com,Female,243.96.24.170
394,Miranda,Wallege,mwallegeax@dedecms.com,Female,76.138.229.214
395,Kimbra,McCrea,kmccreaay@imageshack.us,Female,66.70.82.62
396,Guido,Hansed,ghansedaz@t-online.de,Male,202.95.151.3
397,Torrence,Iacovino,tiacovinob0@japanpost.jp,Male,14.191.95.192
398,Hobie,Standish,hstandishb1@fastcompany.com,Male,141.164.135.142
399,Zachariah,Tapscott,ztapscottb2@dion.ne.jp,Male,218.29.57.53
400,Leoline,Gillopp,lgilloppb3@vinaora.com,Female,226.4.187.138
401,Weber,Beach,wbeachb4@mayoclinic.com,Male,44.101.5.63
402,Gib,Gomery,ggomeryb5@jalbum.net,Male,198.193.107.89
403,Janetta,Fleming,jflemingb6@mtv.com,Female,192.182.205.142
404,Kass,Garton,kgartonb7@gizmodo.com,Female,181.10.106.177
405,Wit,Itzhayek,witzhayekb8@edublogs.org,Male,157.125.195.229
406,Liam,Djokovic,ldjokovicb9@spiegel.de,Male,163.231.139.121
407,Perri,Yanyushkin,pyanyushkinba@flickr.com,Female,220.97.185.123
408,Yancey,Lilleycrop,ylilleycropbb@ameblo.jp,Male,188.60.204.189
409,Danit,Swindells,dswindellsbc@etsy.com,Female,209.133.86.24
410,Cecilla,Catterell,ccatterellbd@timesonline.co.uk,Female,73.69.135.248
411,Hamil,Dumblton,hdumbltonbe@ifeng.com,Male,162.106.131.95
412,Tiebout,Hatch,thatchbf@cnbc.com,Male,192.182.99.21
413,Teodoro,Symons,tsymonsbg@mapy.cz,Male,208.54.219.4
414,Marilee,Nowakowska,mnowakowskabh@blogs.com,Female,90.90.60.40
415,Allys,Binns,abinnsbi@amazon.com,Female,206.18.26.71
416,Felicity,Berrisford,fberrisfordbj@sohu.com,Female,107.88.161.95
417,Loydie,Scotchmur,lscotchmurbk@spiegel.de,Male,109.108.159.19
418,Lancelot,Barkas,lbarkasbl@drupal.org,Male,248.190.182.161
419,Emogene,Freestone,efreestonebm@cbc.ca,Female,105.200.10.243
420,Donia,Pechold,dpecholdbn@utexas.edu,Female,203.158.137.31
421,Arnuad,Chateau,achateaubo@columbia.edu,Male,210.57.249.75
422,Sharity,Goodee,sgoodeebp@stanford.edu,Female,13.123.84.240
423,Vladimir,Meier,vmeierbq@pinterest.com,Male,204.187.106.110
424,Roxana,Heady,rheadybr@altervista.org,Female,232.128.42.54
425,Raul,Aim,raimbs@irs.gov,Male,150.229.129.65
426,Talyah,Blackledge,tblackledgebt@sbwire.com,Female,178.46.54.9
427,Ellsworth,Pitford,epitfordbu@nsw.gov.au,Male,51.35.97.157
428,Shelby,Sorsbie,ssorsbiebv@imageshack.us,Female,81.204.62.28
429,Olly,Bohlsen,obohlsenbw@auda.org.au,Female,189.248.144.231
430,Pierette,Hosburn,phosburnbx@purevolume.com,Female,13.182.39.34
431,Stewart,Dressel,sdresselby@canalblog.com,Male,157.45.105.90
432,Susanne,Flanaghan,sflanaghanbz@mail.ru,Female,109.76.94.253
433,Jorry,ffrench Beytagh,jffrenchbeytaghc0@pbs.org,Female,69.217.240.54
434,Dominic,McVane,dmcvanec1@networkadvertising.org,Male,226.177.252.212
435,Jedd,Mapstone,jmapstonec2@geocities.jp,Male,13.50.167.111
436,Letizia,Shacklady,lshackladyc3@forbes.com,Female,214.94.77.150
437,Cornelle,Michael,cmichaelc4@dyndns.org,Female,195.229.16.184
438,Ashlan,Crottagh,acrottaghc5@ca.gov,Female,61.214.69.178
439,Philis,Pilbeam,ppilbeamc6@omniture.com,Female,50.182.88.187
440,Lucio,Horley,lhorleyc7@noaa.gov,Male,203.207.241.57
441,Karina,Eaves,keavesc8@prweb.com,Female,165.113.228.155
442,Dasya,Shoulder,dshoulderc9@163.com,Female,251.225.242.140
443,Mordecai,Swinfon,mswinfonca@aboutads.info,Male,174.162.7.163
444,Doy,Laxston,dlaxstoncb@clickbank.net,Male,60.177.240.250
445,Esme,Lantaff,elantaffcc@oracle.com,Female,186.34.115.171
446,Yorgos,Largan,ylargancd@youtube.com,Male,56.169.64.91
447,Keene,Scrogges,kscroggesce@51.la,Male,48.66.250.195
448,Charlene,Romanet,cromanetcf@ask.com,Female,6.39.84.189
449,Osmund,Labon,olaboncg@homestead.com,Male,113.225.223.154
450,Giorgia,Clever,gcleverch@livejournal.com,Female,21.8.74.158
451,Davey,Poluzzi,dpoluzzici@dedecms.com,Male,169.151.4.1
452,Jordon,Pluck,jpluckcj@nationalgeographic.com,Male,23.154.78.127
453,Chanda,Capozzi,ccapozzick@forbes.com,Female,64.226.249.83
454,Jenelle,Gaffey,jgaffeycl@cisco.com,Female,209.112.60.71
455,Nico,Vollam,nvollamcm@wikipedia.org,Male,92.173.250.89
456,Kiele,Whelband,kwhelbandcn@cbsnews.com,Female,91.62.109.239
457,Lane,Collecott,lcollecottco@barnesandnoble.com,Female,37.204.233.33
458,Viv,Acaster,vacastercp@symantec.com,Female,48.146.133.40
459,Aymer,Jurgen,ajurgencq@skype.com,Male,15.154.15.235
460,Abbey,Cornejo,acornejocr@feedburner.com,Male,208.86.65.46
461,Byrle,Dumphries,bdumphriescs@answers.com,Male,62.208.158.204
462,Antoinette,Hanington,ahaningtonct@java.com,Female,1.90.196.107
463,Derron,Pepper,dpeppercu@mashable.com,Male,92.67.88.51
464,Dionne,Gallahar,dgallaharcv@columbia.edu,Female,192.137.117.48
465,Magdaia,Andrzejewski,mandrzejewskicw@list-manage.com,Female,82.173.136.124
466,Ursuline,Woffenden,uwoffendencx@bluehost.com,Female,247.68.225.10
467,Edyth,Slocket,eslocketcy@addthis.com,Female,69.103.2.59
468,Jemmy,Vasyukhnov,jvasyukhnovcz@wordpress.com,Female,183.109.182.167
469,Frayda,Wohler,fwohlerd0@ebay.com,Female,24.58.142.100
470,Archibaldo,Eagleton,aeagletond1@amazon.de,Male,237.111.73.66
471,Trstram,Shailer,tshailerd2@rakuten.co.jp,Male,81.192.159.240
472,Lewie,Trimmell,ltrimmelld3@youtube.com,Male,122.243.214.187
473,Teresita,Diggar,tdiggard4@homestead.com,Female,11.60.178.101
474,Stephie,Rhymes,srhymesd5@washingtonpost.com,Female,81.93.149.97
475,Hersch,Bosson,hbossond6@economist.com,Male,206.118.26.215
476,Bern,Scuse,bscused7@abc.net.au,Male,60.116.15.36
477,Lori,Klaggeman,lklaggemand8@clickbank.net,Female,193.149.164.28
478,Angie,Puckinghorne,apuckinghorned9@ycombinator.com,Male,180.223.249.11
479,Johnathon,Trafford,jtraffordda@spotify.com,Male,191.6.210.228
480,Spense,Ekins,sekinsdb@imgur.com,Male,96.192.81.35
481,Ivor,Bargery,ibargerydc@netlog.com,Male,149.114.74.75
482,Amalia,Clinch,aclinchdd@fc2.com,Female,5.218.151.46
483,Gene,Winterson,gwintersonde@businesswire.com,Male,22.1.254.20
484,Kellina,Trickett,ktrickettdf@gov.uk,Female,214.85.92.144
485,Frank,Quinney,fquinneydg@amazon.com,Male,247.132.95.85
486,Tillie,Cufley,tcufleydh@github.io,Female,213.118.163.201
487,Caroljean,Glantz,cglantzdi@apache.org,Female,9.164.114.236
488,Abe,Flockhart,aflockhartdj@mapquest.com,Male,162.19.58.120
489,Kimble,Featley,kfeatleydk@soup.io,Male,10.48.154.108
490,Pablo,Pydcock,ppydcockdl@intel.com,Male,8.237.230.194
491,Georgie,Cottu,gcottudm@time.com,Female,169.81.211.243
492,Tammy,O'Towey,totoweydn@skype.com,Male,123.111.12.179
493,Bern,Menego,bmenegodo@chron.com,Male,246.119.212.33
494,Gherardo,Trehearn,gtrehearndp@amazon.co.uk,Male,219.81.186.24
495,Jen,Cunnow,jcunnowdq@gnu.org,Female,146.145.207.223
496,Rogerio,Chiplen,rchiplendr@cbc.ca,Male,17.197.9.62
497,Reginauld,Linforth,rlinforthds@w3.org,Male,184.97.91.252
498,Alaric,Ciccarello,aciccarellodt@nps.gov,Male,7.170.188.166
499,Birdie,Milhench,bmilhenchdu@multiply.com,Female,131.22.142.221
500,Jessalin,Starbuck,jstarbuckdv@tinyurl.com,Female,238.160.188.185
501,Gale,Whymark,gwhymarkdw@yellowbook.com,Male,136.85.146.85
502,Alissa,Gritton,agrittondx@ucoz.ru,Female,84.56.150.36
503,Tybalt,Jory,tjorydy@nba.com,Male,46.126.212.52
504,Michaela,Garrique,mgarriquedz@vimeo.com,Female,175.177.133.207
505,Theresina,McKenzie,tmckenziee0@qq.com,Female,116.79.165.55
506,Merry,Bayliss,mbaylisse1@cnn.com,Female,151.170.170.125
507,Bren,Larrie,blarriee2@usnews.com,Male,255.210.24.117
508,Rozella,Muir,rmuire3@adobe.com,Female,146.174.73.129
509,Nichole,Richen,nrichene4@mozilla.com,Male,227.202.178.37
510,Meredith,Willoughey,mwillougheye5@usda.gov,Female,46.125.154.53
511,Olivette,Daglish,odaglishe6@scribd.com,Female,56.222.106.124
512,Hamlin,Troman,htromane7@stanford.edu,Male,23.251.167.53
513,Angeli,Blackledge,ablackledgee8@shinystat.com,Male,70.87.30.2
514,Giuseppe,O'Donovan,godonovane9@comcast.net,Male,190.124.104.211
515,Agretha,Roly,arolyea@oaic.gov.au,Female,89.144.234.89
516,Dorita,Gaisford,dgaisfordeb@omniture.com,Female,83.227.206.95
517,Erma,Drummond,edrummondec@reference.com,Female,237.65.41.136
518,Danika,Palluschek,dpalluscheked@skyrock.com,Female,170.24.91.89
519,Yul,Ludovici,yludoviciee@marketwatch.com,Male,100.4.117.163
520,Worthy,Karsh,wkarshef@epa.gov,Male,166.25.160.41
521,Nicko,Allbut,nallbuteg@sohu.com,Male,189.16.131.164
522,Cathee,Cicullo,cciculloeh@imgur.com,Female,216.96.92.170
523,Bettine,Klinck,bklinckei@blogger.com,Female,255.118.82.86
524,Arnaldo,Yeskov,ayeskovej@livejournal.com,Male,132.90.241.107
525,Arvie,McTiernan,amctiernanek@cyberchimps.com,Male,203.25.176.223
526,Nerty,Standell,nstandellel@google.es,Female,205.169.245.191
527,Gardiner,Brassill,gbrassillem@sciencedirect.com,Male,158.244.47.156
528,Garvy,Dulson,gdulsonen@theglobeandmail.com,Male,167.92.90.205
529,Melania,Offield,moffieldeo@gov.uk,Female,17.176.167.146
530,Brandi,Caldwell,bcaldwellep@skype.com,Female,232.232.61.18
531,Alfie,MacWilliam,amacwilliameq@cafepress.com,Male,70.122.187.202
532,Myron,Dawnay,mdawnayer@telegraph.co.uk,Male,126.207.61.46
533,Clayson,O'Glassane,coglassanees@amazonaws.com,Male,161.132.45.186
534,Goran,Bengtson,gbengtsonet@chron.com,Male,34.216.206.80
535,Enrico,Smeeton,esmeetoneu@amazon.co.uk,Male,254.1.154.165
536,Spencer,Emmanueli,semmanueliev@rediff.com,Male,98.156.254.87
537,Esme,Kemery,ekemeryew@npr.org,Female,95.24.63.36
538,Wendie,Hawton,whawtonex@comcast.net,Female,244.204.79.40
539,Wilt,Pittam,wpittamey@zimbio.com,Male,202.164.106.12
540,Flemming,Fanthom,ffanthomez@delicious.com,Male,46.155.33.1
541,Vikki,Costen,vcostenf0@blogs.com,Female,246.220.156.73
542,Berkeley,Ratter,bratterf1@myspace.com,Male,65.198.70.161
543,Greggory,Albury,galburyf2@bloglines.com,Male,191.146.17.155
544,Alice,Kinnard,akinnardf3@google.co.jp,Female,42.149.158.51
545,Carol-jean,Crease,ccreasef4@bloglines.com,Female,220.103.247.102
546,Adaline,Varnals,avarnalsf5@examiner.com,Female,226.93.127.66
547,Natalie,Lyddiatt,nlyddiattf6@domainmarket.com,Female,113.30.107.108
548,Theobald,Ransfield,transfieldf7@merriam-webster.com,Male,93.113.10.255
549,Joly,Plumer,jplumerf8@ameblo.jp,Female,118.222.33.112
550,Fawn,Dunsmuir,fdunsmuirf9@slashdot.org,Female,253.165.9.11
551,Kenny,Kibel,kkibelfa@vinaora.com,Male,76.30.151.207
552,Sigfried,Braid,sbraidfb@elegantthemes.com,Male,164.37.217.82
553,Nikolos,Mosby,nmosbyfc@unc.edu,Male,83.65.62.56
554,Cordell,Tabourel,ctabourelfd@baidu.com,Male,217.140.244.229
555,Hasheem,Kollatsch,hkollatschfe@clickbank.net,Male,82.255.227.246
556,Raimund,Lonsbrough,rlonsbroughff@last.fm,Male,211.123.109.239
557,Barbara-anne,Arbuckle,barbucklefg@slashdot.org,Female,188.172.157.12
558,Addy,Habershaw,ahabershawfh@bandcamp.com,Male,8.163.64.125
559,Leelah,Brum,lbrumfi@msn.com,Female,151.209.4.3
560,Wood,Dobney,wdobneyfj@seattletimes.com,Male,20.138.142.26
561,Griz,Dreghorn,gdreghornfk@cornell.edu,Male,228.161.41.246
562,Zaneta,Crates,zcratesfl@intel.com,Female,155.198.116.133
563,Ludvig,Huckfield,lhuckfieldfm@redcross.org,Male,57.113.26.55
564,Lars,Paulack,lpaulackfn@ucsd.edu,Male,241.123.70.154
565,Nannette,Kuhle,nkuhlefo@naver.com,Female,45.158.181.137
566,Eran,Crawford,ecrawfordfp@paypal.com,Female,148.251.92.226
567,Ban,Chicotti,bchicottifq@yahoo.co.jp,Male,108.207.30.118
568,Kaine,Pottberry,kpottberryfr@utexas.edu,Male,54.165.177.41
569,Hilton,MacIan,hmacianfs@trellian.com,Male,43.17.128.220
570,Arlette,Suddell,asuddellft@marriott.com,Female,120.121.180.132
571,Arlyn,Naris,anarisfu@netscape.com,Female,144.38.19.162
572,Deedee,Sheircliffe,dsheircliffefv@buzzfeed.com,Female,3.36.141.219
573,Grantley,Gabbett,ggabbettfw@fda.gov,Male,120.40.106.202
574,Philly,Issacoff,pissacofffx@a8.net,Female,55.37.48.215
575,Kat,Sykora,ksykorafy@altervista.org,Female,161.216.161.206
576,Alyse,Yeo,ayeofz@dagondesign.com,Female,91.119.196.60
577,Brett,Micallef,bmicallefg0@shareasale.com,Male,122.43.223.161
578,Bondon,Lung,blungg1@japanpost.jp,Male,231.56.237.89
579,Kort,Carnell,kcarnellg2@creativecommons.org,Male,171.66.128.174
580,Oralia,Campione,ocampioneg3@pen.io,Female,212.207.82.86
581,Jobye,Witton,jwittong4@home.pl,Female,14.198.45.216
582,Rolando,Balsellie,rbalsellieg5@slideshare.net,Male,5.152.12.61
583,Pennie,Zamora,pzamorag6@who.int,Male,242.193.58.139
584,Selle,Banbury,sbanburyg7@archive.org,Female,93.253.212.20
585,Silvain,Ambrosio,sambrosiog8@dropbox.com,Male,68.168.130.63
586,Inger,Le Lievre,ilelievreg9@edublogs.org,Male,155.155.162.90
587,Tad,Monkley,tmonkleyga@mysql.com,Male,44.73.15.212
588,Duffy,Bosward,dboswardgb@cmu.edu,Male,171.1.215.9
589,Tyler,Allenson,tallensongc@alibaba.com,Male,155.188.104.1
590,Austin,Simison,asimisongd@yellowbook.com,Female,190.34.14.242
591,Lotti,Lippini,llippinige@flickr.com,Female,104.146.121.239
592,Dasie,Wainer,dwainergf@icio.us,Female,92.221.93.47
593,Yasmeen,Massinger,ymassingergg@hatena.ne.jp,Female,88.178.39.185
594,Lilah,Fontanet,lfontanetgh@archive.org,Female,164.205.10.247
595,Rochelle,Ivantsov,rivantsovgi@spotify.com,Female,255.218.242.47
596,Chaunce,Piola,cpiolagj@samsung.com,Male,118.113.177.210
597,Kali,Kunze,kkunzegk@parallels.com,Female,51.76.147.95
598,Peyter,Tremblot,ptremblotgl@usnews.com,Male,173.239.32.54
599,Jody,Stroyan,jstroyangm@indiegogo.com,Male,216.230.167.245
600,Vernice,Tomasi,vtomasign@umn.edu,Female,48.6.203.43
601,Rafferty,Bromont,rbromontgo@ted.com,Male,30.182.15.190
602,Marwin,Alekseev,malekseevgp@boston.com,Male,154.141.145.175
603,Amerigo,Island,aislandgq@smugmug.com,Male,68.232.179.197
604,Ingram,Bourne,ibournegr@ifeng.com,Male,200.24.32.26
605,Janelle,Abson,jabsongs@bloglovin.com,Female,217.209.249.236
606,Eberhard,Hallowes,ehallowesgt@networksolutions.com,Male,13.137.245.74
607,Adore,Clandillon,aclandillongu@addtoany.com,Female,29.54.148.32
608,Mozelle,Linggard,mlinggardgv@google.com.hk,Female,121.38.101.245
609,Raul,Novak,rnovakgw@toplist.cz,Male,243.114.2.222
610,Hedda,Oxburgh,hoxburghgx@webnode.com,Female,165.44.98.231
611,Morgan,Scowen,mscowengy@photobucket.com,Female,129.184.54.47
612,Even,Stirtle,estirtlegz@independent.co.uk,Male,0.224.241.148
613,Beatriz,Aizikov,baizikovh0@fc2.com,Female,115.92.97.2
614,Lila,Cowherd,lcowherdh1@ning.com,Female,31.189.176.49
615,Cristal,Glynn,cglynnh2@dagondesign.com,Female,133.208.58.175
616,Jack,Bruton,jbrutonh3@google.pl,Male,6.148.30.138
617,Deana,Gasperi,dgasperih4@webnode.com,Female,220.75.6.13
618,Jefferey,Dumphry,jdumphryh5@about.com,Male,84.211.9.168
619,Carmon,Misk,cmiskh6@yolasite.com,Female,118.3.122.227
620,Gordan,Chicchetto,gchicchettoh7@diigo.com,Male,136.201.58.38
621,Erastus,Aimable,eaimableh8@ocn.ne.jp,Male,177.244.108.14
622,Reinaldos,Dukelow,rdukelowh9@1und1.de,Male,86.122.189.101
623,Ivie,Bindon,ibindonha@nytimes.com,Female,31.143.242.165
624,Devlin,Goodlatt,dgoodlatthb@yellowbook.com,Male,2.136.133.230
625,Henrie,Challicombe,hchallicombehc@yandex.ru,Female,119.177.235.34
626,Hesther,Coit,hcoithd@wsj.com,Female,140.73.158.189
627,Edy,Scutts,escuttshe@xinhuanet.com,Female,151.192.168.162
628,Bradford,Melbert,bmelberthf@ted.com,Male,18.164.224.145
629,Ulick,Fraulo,ufraulohg@nyu.edu,Male,70.147.123.13
630,Christiana,Hovenden,chovendenhh@forbes.com,Female,78.240.239.203
631,Brena,Aickin,baickinhi@arizona.edu,Female,224.143.189.82
632,Ichabod,Castelli,icastellihj@prlog.org,Male,48.60.64.48
633,Jessa,Mathou,jmathouhk@youtu.be,Female,223.162.122.113
634,Edd,Stailey,estaileyhl@vistaprint.com,Male,190.239.131.115
635,Bibby,Tither,btitherhm@addthis.com,Female,240.3.51.50
636,Denny,Dautry,ddautryhn@vistaprint.com,Female,112.143.80.201
637,Cortie,Rosevear,crosevearho@mapquest.com,Male,109.143.145.172
638,Modesty,Kitteridge,mkitteridgehp@blog.com,Female,5.48.10.130
639,Gibb,Presidey,gpresideyhq@pcworld.com,Male,195.123.122.122
640,Alex,Rounsefell,arounsefellhr@jugem.jp,Female,5.190.160.88
641,Roth,Derrett,rderretths@1und1.de,Male,11.122.101.49
642,Valentin,Dumbare,vdumbareht@alexa.com,Male,216.237.249.229
643,Saul,Bullen,sbullenhu@upenn.edu,Male,217.163.112.31
644,Noland,Schroter,nschroterhv@army.mil,Male,90.29.206.88
645,Thorndike,Gargett,tgargetthw@answers.com,Male,152.240.216.96
646,Louie,Durning,ldurninghx@sun.com,Male,191.254.206.166
647,Cos,Tuppeny,ctuppenyhy@odnoklassniki.ru,Male,87.36.38.160
648,Shantee,Mizen,smizenhz@geocities.jp,Female,208.223.144.15
649,Pate,Munehay,pmunehayi0@miibeian.gov.cn,Male,223.168.146.153
650,Meta,Scolding,mscoldingi1@hc360.com,Female,42.202.162.57
651,Gabriele,Simcox,gsimcoxi2@gmpg.org,Male,228.188.238.12
652,Concordia,Townend,ctownendi3@shutterfly.com,Female,200.34.133.242
653,Gustie,Glader,ggladeri4@mozilla.org,Female,186.135.49.202
654,Analise,Buttler,abuttleri5@gov.uk,Female,216.212.187.92
655,Fabien,Rielly,friellyi6@so-net.ne.jp,Male,140.156.246.84
656,Terri,Oldrey,toldreyi7@guardian.co.uk,Female,99.160.65.81
657,Thom,Strutton,tstruttoni8@symantec.com,Male,160.13.245.92
658,Cherin,Lorans,cloransi9@surveymonkey.com,Female,106.250.213.71
659,Chaim,Pickton,cpicktonia@mediafire.com,Male,88.109.150.9
660,Trescha,Tomsu,ttomsuib@ft.com,Female,12.19.170.17
661,Rosmunda,Breukelman,rbreukelmanic@prnewswire.com,Female,27.218.141.91
662,Selie,Dickey,sdickeyid@usgs.gov,Female,23.0.5.198
663,Artie,Exroll,aexrollie@uiuc.edu,Male,251.217.153.247
664,Conny,Nice,cniceif@reuters.com,Female,159.179.200.113
665,Hyman,Varran,hvarranig@wordpress.com,Male,62.145.16.186
666,Sileas,Wetherick,swetherickih@gizmodo.com,Female,102.75.216.216
667,Mattheus,Emsden,memsdenii@zimbio.com,Male,219.124.54.227
668,Cristina,Baines,cbainesij@sbwire.com,Female,84.168.1.9
669,Itch,Henken,ihenkenik@dell.com,Male,146.248.5.104
670,Cody,Kopta,ckoptail@economist.com,Male,57.157.130.173
671,Delbert,Hover,dhoverim@aol.com,Male,58.204.42.178
672,Carine,Thunnerclef,cthunnerclefin@dailymail.co.uk,Female,164.223.156.95
673,Royce,Coulsen,rcoulsenio@tinyurl.com,Male,149.238.78.17
674,Lezlie,Elmore,lelmoreip@webmd.com,Female,95.41.66.109
675,Barby,Forsbey,bforsbeyiq@xinhuanet.com,Female,157.227.135.71
676,Elladine,Richford,erichfordir@desdev.cn,Female,193.251.159.110
677,Benoit,Frayn,bfraynis@so-net.ne.jp,Male,246.145.214.76
678,Mureil,Emeny,memenyit@google.com.hk,Female,141.69.240.150
679,Flem,Klauber,fklauberiu@icq.com,Male,183.88.242.103
680,Alwyn,Lelliott,alelliottiv@zimbio.com,Male,95.117.140.63
681,Finley,McKearnen,fmckearneniw@barnesandnoble.com,Male,112.56.109.81
682,Deena,Graffin,dgraffinix@jalbum.net,Female,182.22.145.4
683,Gabbie,Sedgefield,gsedgefieldiy@fastcompany.com,Female,182.190.138.196
684,Zia,Hugnot,zhugnotiz@blogtalkradio.com,Female,4.171.38.240
685,Melanie,Fennessy,mfennessyj0@oaic.gov.au,Female,146.135.238.206
686,Zackariah,De Haven,zdehavenj1@fema.gov,Male,4.143.210.140
687,Cassie,Tandey,ctandeyj2@washingtonpost.com,Female,249.6.62.177
688,Bella,Ondricek,bondricekj3@furl.net,Female,0.49.120.90
689,Gaston,Forsbey,gforsbeyj4@cdc.gov,Male,244.133.233.58
690,Tami,Binden,tbindenj5@zimbio.com,Female,208.250.185.217
691,Delbert,Carverhill,dcarverhillj6@go.com,Male,148.140.125.156
692,Koren,Such,ksuchj7@scientificamerican.com,Female,46.115.13.193
693,Rozina,Hilbourne,rhilbournej8@hostgator.com,Female,199.48.13.114
694,Herby,Binion,hbinionj9@sfgate.com,Male,80.255.4.174
695,Moreen,Paolucci,mpaoluccija@livejournal.com,Female,217.92.106.20
696,Allen,Kenafaque,akenafaquejb@techcrunch.com,Male,152.219.13.72
697,Penelope,Vatini,pvatinijc@cbc.ca,Female,137.168.128.51
698,Floyd,Spaldin,fspaldinjd@fc2.com,Male,221.170.255.90
699,Sayer,McClymond,smcclymondje@joomla.org,Male,116.162.55.137
700,Nolan,Robilliard,nrobilliardjf@technorati.com,Male,129.138.185.98
701,Nydia,Buffy,nbuffyjg@technorati.com,Female,10.134.69.66
702,Korie,Ouslem,kouslemjh@mlb.com,Female,221.64.131.206
703,Laurene,Crowche,lcrowcheji@posterous.com,Female,141.73.72.88
704,Lacey,Joint,ljointjj@earthlink.net,Female,136.242.250.66
705,Emily,Jays,ejaysjk@livejournal.com,Female,184.69.104.212
706,Janot,Bawdon,jbawdonjl@godaddy.com,Female,114.255.255.153
707,Lurette,Le Estut,lleestutjm@homestead.com,Female,217.189.80.148
708,Timothea,Ollenbuttel,tollenbutteljn@salon.com,Female,45.216.156.36
709,Isador,Yakunchikov,iyakunchikovjo@amazon.de,Male,252.248.201.157
710,Flora,Braund,fbraundjp@thetimes.co.uk,Female,117.53.227.161
711,Pat,Cruttenden,pcruttendenjq@berkeley.edu,Male,197.81.223.128
712,Ulrick,Hugnet,uhugnetjr@cocolog-nifty.com,Male,68.199.6.40
713,Jeremy,Iggulden,jigguldenjs@wordpress.org,Male,88.48.159.51
714,Milly,Dooman,mdoomanjt@hhs.gov,Female,245.10.3.254
715,Eirena,Polino,epolinoju@msn.com,Female,66.112.227.239
716,Randell,Beales,rbealesjv@amazon.co.uk,Male,143.23.71.50
717,Randy,Kenderdine,rkenderdinejw@scribd.com,Male,44.249.102.105
718,Veronika,Maykin,vmaykinjx@samsung.com,Female,64.118.70.116
719,Ariadne,Macer,amacerjy@prweb.com,Female,16.122.108.171
720,Theodore,Tankin,ttankinjz@mediafire.com,Male,116.243.230.227
721,Harwell,Martinelli,hmartinellik0@oracle.com,Male,105.180.179.68
722,Arlan,Jirek,ajirekk1@ifeng.com,Male,132.160.125.112
723,Yance,Peal,ypealk2@squidoo.com,Male,34.3.31.136
724,Chad,Gritton,cgrittonk3@sitemeter.com,Male,102.182.34.135
725,Artus,Valadez,avaladezk4@yelp.com,Male,163.187.109.226
726,Dur,Langhorn,dlanghornk5@barnesandnoble.com,Male,90.79.245.136
727,Stavros,Paddie,spaddiek6@theglobeandmail.com,Male,181.227.54.230
728,Krystyna,Salomon,ksalomonk7@imgur.com,Female,199.84.231.104
729,Ram,Brockie,rbrockiek8@alexa.com,Male,247.187.28.64
730,Lorne,Totton,ltottonk9@psu.edu,Male,195.124.82.249
731,Saunderson,Gregg,sgreggka@washington.edu,Male,78.243.40.225
732,Carter,Tripett,ctripettkb@uol.com.br,Male,72.140.91.249
733,Rois,Meyer,rmeyerkc@squarespace.com,Female,107.99.196.77
734,Jojo,Parnby,jparnbykd@merriam-webster.com,Female,202.199.241.36
735,Lilias,Peizer,lpeizerke@ehow.com,Female,152.44.0.148
736,Vivie,Piatkowski,vpiatkowskikf@timesonline.co.uk,Female,49.55.26.239
737,Sheree,Winny,swinnykg@hp.com,Female,99.251.187.245
738,Irv,Franke,ifrankekh@tuttocitta.it,Male,105.152.179.67
739,Bartolemo,Kremer,bkremerki@google.co.uk,Male,83.96.68.75
740,Fletch,Hilland,fhillandkj@bbb.org,Male,204.104.213.85
741,Rana,Searles,rsearleskk@joomla.org,Female,47.27.240.37
742,Marty,Cranson,mcransonkl@elpais.com,Male,154.168.65.145
743,Ashly,Sewards,asewardskm@wikimedia.org,Female,215.217.131.230
744,Garrett,Blunsum,gblunsumkn@gnu.org,Male,67.110.32.176
745,Shalna,Romagnosi,sromagnosiko@nsw.gov.au,Female,105.6.186.30
746,Pris,Pendleberry,ppendleberrykp@nyu.edu,Female,249.19.30.246
747,Cris,Haggath,chaggathkq@baidu.com,Male,32.89.158.58
748,Jorie,Dulake,jdulakekr@cnet.com,Female,157.121.157.224
749,Hildy,Gregoretti,hgregorettiks@joomla.org,Female,0.30.56.202
750,Geordie,Boerder,gboerderkt@tripod.com,Male,200.240.17.239
751,Kaitlyn,Peile,kpeileku@webnode.com,Female,114.175.109.19
752,Skippy,Hendren,shendrenkv@time.com,Male,144.211.164.253
753,Goraud,Thorald,gthoraldkw@xrea.com,Male,171.170.176.193
754,Merry,Fawlks,mfawlkskx@constantcontact.com,Male,78.240.73.157
755,Patsy,Burkill,pburkillky@etsy.com,Male,4.141.243.206
756,Janaya,Fairbrace,jfairbracekz@php.net,Female,172.186.195.159
757,Patsy,Fidele,pfidelel0@wiley.com,Female,137.67.145.207
758,Tibold,Beatens,tbeatensl1@ask.com,Male,156.17.144.1
759,Micaela,Kealey,mkealeyl2@va.gov,Female,52.148.235.59
760,Hebert,Wildman,hwildmanl3@baidu.com,Male,59.48.133.101
761,Guthry,Webbe,gwebbel4@army.mil,Male,101.54.243.130
762,Frieda,Heaney,fheaneyl5@google.it,Female,199.241.98.76
763,Arnaldo,Grinikhinov,agrinikhinovl6@salon.com,Male,226.159.125.111
764,Salomo,Keyse,skeysel7@unicef.org,Male,60.150.155.231
765,Hakeem,Cresser,hcresserl8@senate.gov,Male,162.141.194.153
766,Susy,Lanfranchi,slanfranchil9@dailymail.co.uk,Female,82.163.232.91
767,Wilbert,Tear,wtearla@dion.ne.jp,Male,145.245.122.137
768,Tiffi,Reis,treislb@bizjournals.com,Female,23.209.205.169
769,Justin,Leavold,jleavoldlc@disqus.com,Male,96.131.255.93
770,Jarrad,Charlson,jcharlsonld@redcross.org,Male,249.129.70.162
771,Jefferey,Digle,jdiglele@census.gov,Male,188.8.152.90
772,Huberto,McPhelimy,hmcphelimylf@naver.com,Male,4.177.12.24
773,Estella,Varns,evarnslg@so-net.ne.jp,Female,228.20.64.47
774,Jaine,Birtwisle,jbirtwislelh@mozilla.org,Female,105.103.82.25
775,Addy,Flaverty,aflavertyli@deliciousdays.com,Male,170.108.38.19
776,Zilvia,Tynnan,ztynnanlj@java.com,Female,251.175.81.67
777,Pauly,Thornley,pthornleylk@examiner.com,Male,237.3.58.224
778,Britney,Benadette,bbenadettell@usnews.com,Female,234.12.101.67
779,Caldwell,Prose,cproselm@amazonaws.com,Male,73.65.85.177
780,Rahel,Apps,rappsln@unc.edu,Female,66.22.134.76
781,Kathi,Brewett,kbrewettlo@feedburner.com,Female,233.207.123.164
782,Chick,Lupson,clupsonlp@dailymail.co.uk,Male,82.245.176.223
783,Reed,Pietron,rpietronlq@lulu.com,Male,196.213.122.250
784,Calhoun,Farans,cfaranslr@qq.com,Male,108.109.144.159
785,Joelly,Kenny,jkennyls@gmpg.org,Female,157.123.209.159
786,Barri,Fawssett,bfawssettlt@shinystat.com,Male,44.139.13.194
787,Damara,Beardall,dbeardalllu@infoseek.co.jp,Female,92.189.234.5
788,Skippy,Chelley,schelleylv@jigsy.com,Male,121.21.161.15
789,Bartie,Attwool,battwoollw@eventbrite.com,Male,38.9.206.99
790,Nolie,Kirstein,nkirsteinlx@cornell.edu,Female,126.10.87.44
791,Lyell,Pinkard,lpinkardly@mediafire.com,Male,165.26.193.65
792,Cacilie,Langstaff,clangstafflz@ed.gov,Female,247.48.4.103
793,Francklin,Garrals,fgarralsm0@joomla.org,Male,196.98.37.166
794,Deerdre,Ney,dneym1@cpanel.net,Female,71.155.103.236
795,Sybila,Gier,sgierm2@cocolog-nifty.com,Female,112.18.141.13
796,Jody,Goslin,jgoslinm3@google.it,Female,88.1.248.138
797,Erick,Upham,euphamm4@alexa.com,Male,58.142.57.89
798,Ellen,McAlpine,emcalpinem5@smugmug.com,Female,149.215.161.72
799,Robinetta,Van der Kruis,rvanderkruism6@narod.ru,Female,186.32.3.144
800,Daisi,Coldrick,dcoldrickm7@dyndns.org,Female,162.225.47.239
801,Ara,Yates,ayatesm8@un.org,Male,228.72.161.193
802,Zaneta,Glencrosche,zglencroschem9@microsoft.com,Female,193.1.80.25
803,Miof mela,Jorissen,mjorissenma@sakura.ne.jp,Female,255.141.101.7
804,Quinlan,Topp,qtoppmb@netvibes.com,Male,3.215.217.9
805,Muhammad,Wethered,mwetheredmc@squarespace.com,Male,179.226.154.72
806,Irene,Shorie,ishoriemd@xinhuanet.com,Female,187.150.158.218
807,Graham,Tomsu,gtomsume@digg.com,Male,232.247.230.186
808,Damaris,Lammiman,dlammimanmf@homestead.com,Female,81.6.12.45
809,Lynna,Belf,lbelfmg@salon.com,Female,62.182.36.146
810,Cosimo,Stratten,cstrattenmh@bizjournals.com,Male,34.128.106.207
811,Julie,Surgeon,jsurgeonmi@wikispaces.com,Female,46.27.161.81
812,Nester,Nesterov,nnesterovmj@printfriendly.com,Male,198.78.192.63
813,Geri,Rooson,groosonmk@timesonline.co.uk,Male,75.91.67.102
814,Gawain,Bathowe,gbathoweml@usgs.gov,Male,126.129.226.29
815,Roddy,O'Loughane,roloughanemm@huffingtonpost.com,Male,83.242.230.40
816,Tabitha,Devo,tdevomn@dagondesign.com,Female,28.153.200.247
817,Fannie,Cowgill,fcowgillmo@nasa.gov,Female,78.22.199.0
818,Sonny,Manilow,smanilowmp@netscape.com,Male,144.232.192.213
819,Pippo,Janda,pjandamq@weebly.com,Male,120.161.237.19
820,Amos,Tizard,atizardmr@people.com.cn,Male,161.178.197.14
821,Raimund,Tarling,rtarlingms@ca.gov,Male,80.238.183.82
822,Gualterio,Sheirlaw,gsheirlawmt@amazon.co.jp,Male,209.129.176.200
823,Mirabella,Timny,mtimnymu@baidu.com,Female,46.165.29.129
824,Gavin,Scarr,gscarrmv@businesswire.com,Male,226.196.228.146
825,Abelard,Megainey,amegaineymw@tamu.edu,Male,151.182.122.88
826,Elmore,Gadsby,egadsbymx@cam.ac.uk,Male,210.142.107.160
827,Robin,Drynan,rdrynanmy@chron.com,Male,76.133.136.93
828,Robinet,Beauvais,rbeauvaismz@ft.com,Female,213.129.186.29
829,Rosana,Coslett,rcoslettn0@purevolume.com,Female,18.8.237.39
830,Christoffer,Finnick,cfinnickn1@buzzfeed.com,Male,19.254.228.5
831,Virgilio,Sazio,vsazion2@addthis.com,Male,142.30.7.210
832,Kendell,Michel,kmicheln3@nydailynews.com,Male,50.235.211.128
833,Bondon,Cramond,bcramondn4@baidu.com,Male,104.112.76.70
834,Brena,O'Hanlon,bohanlonn5@bbc.co.uk,Female,166.101.122.188
835,Lock,Croix,lcroixn6@wunderground.com,Male,174.165.3.222
836,Gilemette,Sprowle,gsprowlen7@fema.gov,Female,95.190.233.59
837,Vasily,Ashurst,vashurstn8@constantcontact.com,Male,130.5.249.245
838,Cobbie,Paye,cpayen9@pbs.org,Male,135.128.62.54
839,Cristina,Dunridge,cdunridgena@examiner.com,Female,77.171.120.241
840,Felecia,Slide,fslidenb@eepurl.com,Female,95.44.32.106
841,Berne,Leech,bleechnc@cnet.com,Male,164.151.127.250
842,Hyacinthe,Munt,hmuntnd@canalblog.com,Female,209.133.55.219
843,Ulrick,Dorrins,udorrinsne@elegantthemes.com,Male,142.205.255.16
844,Ophelie,Samwyse,osamwysenf@uiuc.edu,Female,104.132.36.107
845,Chrysa,Kielt,ckieltng@jiathis.com,Female,254.89.174.81
846,Hendrika,Begin,hbeginnh@un.org,Female,205.118.163.91
847,David,Silbermann,dsilbermannni@51.la,Male,221.86.54.92
848,Margalit,O'Dooghaine,modooghainenj@studiopress.com,Female,18.24.207.126
849,Baxy,Shurmore,bshurmorenk@arstechnica.com,Male,104.71.129.11
850,Rhoda,Edington,redingtonnl@shareasale.com,Female,116.190.237.111
851,Lorelei,Jeanin,ljeaninnm@gmpg.org,Female,145.146.71.197
852,Adolphe,Haydock,ahaydocknn@google.fr,Male,238.217.227.44
853,Hamel,Dearlove,hdearloveno@vimeo.com,Male,199.15.54.149
854,Nickie,Reason,nreasonnp@list-manage.com,Female,232.227.75.153
855,Trevar,Ellor,tellornq@answers.com,Male,139.246.51.22
856,Betsy,Lanphere,blanpherenr@facebook.com,Female,103.77.192.63
857,Harold,Stuttard,hstuttardns@statcounter.com,Male,100.67.230.140
858,Kathryne,Iianon,kiianonnt@craigslist.org,Female,112.47.64.177
859,Effie,Bateson,ebatesonnu@msn.com,Female,76.12.181.126
860,Shea,Cubbini,scubbininv@go.com,Male,227.62.246.233
861,Nehemiah,Skeermor,nskeermornw@merriam-webster.com,Male,169.186.153.17
862,Thaddeus,Bridgement,tbridgementnx@who.int,Male,72.186.218.61
863,Jessika,Ovesen,jovesenny@wix.com,Female,112.215.109.156
864,Jareb,Noyce,jnoycenz@jimdo.com,Male,99.173.192.46
865,Orsa,Ranfield,oranfieldo0@sohu.com,Female,101.79.174.97
866,Tani,Rickesies,trickesieso1@howstuffworks.com,Female,220.8.172.126
867,Mahalia,Lewis,mlewiso2@hexun.com,Female,125.118.45.154
868,Nert,McInnery,nmcinneryo3@mapquest.com,Female,242.101.182.104
869,Denys,Marcone,dmarconeo4@google.de,Female,159.79.117.33
870,Moreen,Dinning,mdinningo5@woothemes.com,Female,181.0.212.169
871,Yalonda,Rosenboim,yrosenboimo6@tripadvisor.com,Female,111.86.132.90
872,Cynde,Lantoph,clantopho7@digg.com,Female,166.50.206.24
873,Maura,O'Sherrin,mosherrino8@wikimedia.org,Female,220.104.145.163
874,Elfrida,Feeney,efeeneyo9@aol.com,Female,210.203.223.165
875,Vassili,McClenaghan,vmcclenaghanoa@bandcamp.com,Male,203.209.184.253
876,Tanney,Buttel,tbuttelob@slashdot.org,Male,235.194.143.33
877,Glynis,Cough,gcoughoc@telegraph.co.uk,Female,208.181.137.209
878,Lewes,Cecchetelli,lcecchetelliod@topsy.com,Male,105.7.242.185
879,Klement,Meek,kmeekoe@barnesandnoble.com,Male,247.37.3.119
880,Alfie,Shaylor,ashaylorof@wisc.edu,Male,51.185.232.153
881,Adolph,Haselhurst,ahaselhurstog@delicious.com,Male,127.44.44.26
882,Loleta,Hoble,lhobleoh@reverbnation.com,Female,148.28.84.238
883,Tremaine,Domegan,tdomeganoi@walmart.com,Male,14.67.80.241
884,Gonzales,Albasini,galbasinioj@yolasite.com,Male,159.68.117.158
885,Rudolf,Nappin,rnappinok@imgur.com,Male,9.189.212.98
886,My,Bulgen,mbulgenol@bbb.org,Male,118.231.102.150
887,Garwin,Kinloch,gkinlochom@wikipedia.org,Male,17.84.1.235
888,Leta,Shalcras,lshalcrason@nba.com,Female,225.188.227.25
889,Ferrell,Blundel,fblundeloo@ucla.edu,Male,63.228.230.3
890,Tiffany,Stockbridge,tstockbridgeop@google.com.au,Female,108.5.87.31
891,Lukas,Jirusek,ljirusekoq@msn.com,Male,35.92.164.20
892,Nerissa,McTiernan,nmctiernanor@wufoo.com,Female,78.138.242.95
893,Ileana,Bucklan,ibucklanos@mail.ru,Female,162.240.160.95
894,Levin,Streeten,lstreetenot@qq.com,Male,23.5.53.109
895,Gill,Sondon,gsondonou@ted.com,Male,211.5.52.124
896,Jeramey,Lesslie,jlesslieov@w3.org,Male,35.12.69.35
897,Isacco,Yearron,iyearronow@topsy.com,Male,120.39.184.168
898,Mufi,Cloughton,mcloughtonox@mail.ru,Female,238.36.249.55
899,Jarid,De Bruijne,jdebruijneoy@tiny.cc,Male,193.71.149.86
900,Belia,Banbury,bbanburyoz@rambler.ru,Female,223.2.232.219
901,Noam,Giacobillo,ngiacobillop0@xing.com,Male,138.194.232.156
902,Sheena,Mennell,smennellp1@shutterfly.com,Female,2.139.37.234
903,Ruby,Scorrer,rscorrerp2@g.co,Male,129.5.64.182
904,Danica,Cauderlie,dcauderliep3@discovery.com,Female,165.117.51.58
905,Gerri,Sketcher,gsketcherp4@csmonitor.com,Male,33.111.237.64
906,Marianna,MacPharlain,mmacpharlainp5@noaa.gov,Female,101.34.20.124
907,Theressa,Hallahan,thallahanp6@github.io,Female,151.30.102.240
908,Rolfe,Hebron,rhebronp7@usatoday.com,Male,80.127.110.71
909,Jesse,Loftin,jloftinp8@home.pl,Male,5.8.89.168
910,Obie,Bardell,obardellp9@opera.com,Male,60.242.233.110
911,Vincenty,Rubinsohn,vrubinsohnpa@moonfruit.com,Male,169.113.156.95
912,Conroy,Foulks,cfoulkspb@ted.com,Male,101.106.249.171
913,Cynthie,Dye,cdyepc@yolasite.com,Female,254.83.33.62
914,Thedric,Odde,toddepd@ed.gov,Male,97.242.173.70
915,Ted,Mettricke,tmettrickepe@ezinearticles.com,Female,96.23.53.58
916,Mozes,Haskey,mhaskeypf@list-manage.com,Male,148.87.130.108
917,Inesita,Barwis,ibarwispg@google.cn,Female,170.237.179.92
918,Easter,McKnockiter,emcknockiterph@typepad.com,Female,63.203.217.182
919,Cacilie,Aronstein,caronsteinpi@adobe.com,Female,34.176.40.3
920,Haywood,Littley,hlittleypj@imageshack.us,Male,209.245.224.19
921,Willy,Crannell,wcrannellpk@blogs.com,Male,200.102.37.92
922,Junette,Clemensen,jclemensenpl@purevolume.com,Female,166.102.81.221
923,Kingsly,Surcombe,ksurcombepm@wordpress.org,Male,135.220.140.27
924,Merrilee,Trigwell,mtrigwellpn@sciencedirect.com,Female,96.72.220.129
925,Caitlin,Breed,cbreedpo@google.cn,Female,148.20.160.84
926,Dorie,Abrahamson,dabrahamsonpp@webnode.com,Male,181.51.97.169
927,Monica,Ferebee,mferebeepq@last.fm,Female,101.3.96.199
928,Tess,Padkin,tpadkinpr@stumbleupon.com,Female,160.24.58.41
929,Jayme,Demoge,jdemogeps@unblog.fr,Male,16.49.54.82
930,Alison,Hillock,ahillockpt@engadget.com,Female,162.151.63.225
931,Marcelo,Danielou,mdanieloupu@pen.io,Male,48.119.215.44
932,Nadya,Woolmer,nwoolmerpv@nasa.gov,Female,93.79.54.228
933,Carmelia,Iacobassi,ciacobassipw@symantec.com,Female,22.184.85.11
934,Delphine,Voss,dvosspx@nbcnews.com,Female,203.120.227.239
935,Winfield,Buckley,wbuckleypy@tumblr.com,Male,69.56.237.108
936,Angelo,Blundel,ablundelpz@newyorker.com,Male,215.5.113.125
937,Mirilla,Brumbye,mbrumbyeq0@unblog.fr,Female,123.4.37.8
938,Jacquie,Uccelli,juccelliq1@sina.com.cn,Female,114.104.225.255
939,Aluino,Tabary,atabaryq2@prnewswire.com,Male,23.124.28.9
940,Kevina,Megainey,kmegaineyq3@adobe.com,Female,82.139.40.197
941,Linnea,Pumphrey,lpumphreyq4@unesco.org,Female,33.191.242.152
942,Alecia,Prince,aprinceq5@flavors.me,Female,235.64.234.237
943,Taylor,Joe,tjoeq6@4shared.com,Male,92.214.118.190
944,Aigneis,Wakely,awakelyq7@jiathis.com,Female,11.144.38.16
945,Foss,Norway,fnorwayq8@earthlink.net,Male,224.0.61.143
946,Lenore,Brisley,lbrisleyq9@fda.gov,Female,103.92.172.242
947,Regina,Partener,rpartenerqa@cdbaby.com,Female,246.10.154.242
948,Andreas,Mathwen,amathwenqb@cocolog-nifty.com,Male,119.229.49.182
949,Josee,Dries,jdriesqc@bizjournals.com,Female,152.51.39.66
950,Margarita,O'Doghesty,modoghestyqd@ezinearticles.com,Female,158.187.204.212
951,Evvie,Hanning,ehanningqe@ameblo.jp,Female,121.153.183.127
952,Rochette,Gooderridge,rgooderridgeqf@toplist.cz,Female,110.199.48.215
953,Bard,Teideman,bteidemanqg@discuz.net,Male,218.210.89.8
954,Brear,Beasant,bbeasantqh@google.com.au,Female,69.62.168.199
955,Haywood,Wedderburn,hwedderburnqi@miitbeian.gov.cn,Male,5.52.189.77
956,Bert,Bason,bbasonqj@sphinn.com,Male,164.209.157.191
957,Mort,Harmant,mharmantqk@discovery.com,Male,82.197.34.20
958,Harold,Willisch,hwillischql@bbb.org,Male,194.36.129.77
959,Justinn,Riggeard,jriggeardqm@icio.us,Female,109.254.172.17
960,Jeramey,Martellini,jmartelliniqn@archive.org,Male,204.65.244.251
961,Aurilia,Rosenzveig,arosenzveigqo@bandcamp.com,Female,37.254.204.114
962,Merwin,Burfoot,mburfootqp@apple.com,Male,140.136.128.246
963,Meir,Kliement,mkliementqq@baidu.com,Male,194.59.167.183
964,Pippa,Keelin,pkeelinqr@ameblo.jp,Female,240.149.193.45
965,Abbie,Watsam,awatsamqs@rambler.ru,Male,193.42.101.228
966,Hinda,Wythill,hwythillqt@ow.ly,Female,182.123.57.194
967,Avram,Heintsch,aheintschqu@usnews.com,Male,37.18.214.110
968,Allis,Rivalland,arivallandqv@unblog.fr,Female,194.64.106.232
969,Jere,Raatz,jraatzqw@ow.ly,Male,68.135.186.54
970,Mitchell,Josham,mjoshamqx@odnoklassniki.ru,Male,148.223.218.169
971,Nichol,St Clair,nstclairqy@miibeian.gov.cn,Female,22.84.135.176
972,Darcey,Janaszewski,djanaszewskiqz@senate.gov,Female,127.240.239.28
973,Nellie,Raincin,nraincinr0@elegantthemes.com,Female,108.11.116.48
974,Tova,Bisson,tbissonr1@cdc.gov,Female,106.146.45.228
975,Matthew,Steedman,msteedmanr2@blinklist.com,Male,188.43.144.214
976,Cherey,Willmer,cwillmerr3@dailymotion.com,Female,247.52.245.84
977,Sandor,Rein,sreinr4@symantec.com,Male,78.163.134.103
978,Truda,Corain,tcorainr5@cloudflare.com,Female,131.155.139.97
979,Ravid,Valentin,rvalentinr6@aboutads.info,Male,160.245.202.224
980,Alanah,Licence,alicencer7@ocn.ne.jp,Female,228.95.200.242
981,Molli,Grieg,mgriegr8@seattletimes.com,Female,67.64.225.2
982,Alexei,Dobsons,adobsonsr9@bloomberg.com,Male,230.188.0.219
983,Jeana,Gorgler,jgorglerra@webeden.co.uk,Female,230.233.101.97
984,Cam,Dirand,cdirandrb@studiopress.com,Female,54.106.16.223
985,Betteanne,Cartmail,bcartmailrc@weebly.com,Female,119.68.189.154
986,Pace,Cousins,pcousinsrd@ezinearticles.com,Male,18.71.122.87
987,Carroll,Gutteridge,cgutteridgere@state.tx.us,Male,106.117.15.92
988,Uriel,Bottomore,ubottomorerf@census.gov,Male,221.91.246.111
989,Curtis,Hartil,chartilrg@mayoclinic.com,Male,122.34.122.77
990,Gusty,Fehner,gfehnerrh@dell.com,Female,133.31.229.44
991,Esdras,Ritchard,eritchardri@topsy.com,Male,121.112.246.73
992,Marilin,Gilliland,mgillilandrj@nih.gov,Female,211.162.176.68
993,Gerladina,Clendinning,gclendinningrk@psu.edu,Female,16.200.33.255
994,Abelard,Swigger,aswiggerrl@arizona.edu,Male,23.27.113.13
995,Gherardo,Lillywhite,glillywhiterm@sitemeter.com,Male,203.93.172.15
996,Thia,Smallman,tsmallmanrn@angelfire.com,Female,55.225.230.30
997,Marcela,Atthow,matthowro@constantcontact.com,Female,37.30.27.88
998,Adlai,Quest,aquestrp@ocn.ne.jp,Male,238.148.104.17
999,Doroteya,Guildford,dguildfordrq@dailymotion.com,Female,83.245.1.230
1000,Courtnay,Aloshikin,caloshikinrr@time.com,Male,28.129.101.221
